small_yellow_bellpepper|big_yellow_bellpepper|small_red_bellpepper|big_red_bellpepper|small_pink_balloon|big_pink_balloon|small_yellow_balloon|big_yellow_balloon|small_blue_cap|big_blue_cap|small_orange_cap|big_orange_cap|small_black_belt|big_black_belt|small_brown_belt|big_brown_belt|small_purple_bike|big_purple_bike|small_red_bike|big_red_bike|small_orange_billiardball|big_orange_billiardball|small_purple_billiardball|big_purple_billiardball|small_blue_binder|big_blue_binder|small_green_binder|big_green_binder|small_black_book|big_black_book|small_blue_book|big_blue_book|small_green_bracelet|big_green_bracelet|small_purple_bracelet|big_purple_bracelet|small_pink_bucket|big_pink_bucket|small_red_bucket|big_red_bucket|small_blue_butterfly|big_blue_butterfly|small_purple_butterfly|big_purple_butterfly|small_blue_candle|big_blue_candle|small_red_candle|big_red_candle|small_green_chair|big_green_chair|small_red_chair|big_red_chair|small_orange_coathanger|big_orange_coathanger|small_purple_coathanger|big_purple_coathanger|small_black_comb|big_black_comb|small_blue_comb|big_blue_comb|small_blue_cushion|big_blue_cushion|small_orange_cushion|big_orange_cushion|small_blue_guitar|big_blue_guitar|small_green_guitar|big_green_guitar|small_purple_flower|big_purple_flower|small_red_flower|big_red_flower|small_green_framee|big_green_framee|small_pink_framee|big_pink_framee|small_white_pingpongball|big_white_pingpongball|small_orange_pingpongball|big_orange_pingpongball|small_pink_hairdryer|big_pink_hairdryer|small_purple_hairdryer|big_purple_hairdryer|small_brown_jacket|big_brown_jacket|small_green_jacket|big_green_jacket|small_orange_napkin|big_orange_napkin|small_yellow_napkin|big_yellow_napkin|small_blue_scarf|big_blue_scarf|small_red_scarf|big_red_scarf|small_green_pepper|big_green_pepper|small_red_pepper|big_red_pepper|small_pink_phone|big_pink_phone|small_white_phone|big_white_phone|small_grey_rock|big_grey_rock|small_tan_rock|big_tan_rock|small_blue_rug|big_blue_rug|small_purple_rug|big_purple_rug|small_white_shoe|big_white_shoe|small_yellow_shoe|big_yellow_shoe|small_purple_stapler|big_purple_stapler|small_red_stapler|big_red_stapler|small_blue_tack|big_blue_tack|small_red_tack|big_red_tack|small_pink_teacup|big_pink_teacup|small_white_teacup|big_white_teacup|small_blue_toothbrush|big_blue_toothbrush|small_red_toothbrush|big_red_toothbrush|small_black_turtle|big_black_turtle|small_brown_turtle|big_brown_turtle|small_pink_weddingcake|big_pink_weddingcake|small_white_weddingcake|big_white_weddingcake|small_purple_yarn|big_purple_yarn|small_red_yarn|big_red_yarn